ticker,prev_close,open,gap_pct,timestamp,rsi,rel_volume,dist_from_5d_high,dist_from_5d_low,llm_summary
NVDA,157.25,158.37,0.71,2025-07-05T10:15:47.000464,70.98,0.73,-1.02,5.18,"1. Technically, NVDA is showing mixed signals with a small gap up of 0.71%, but it is also nearing overbought territory with an RSI of 70.98. The relative volume is below 1, indicating less trading activity than usual, and it's slightly below its 5-day high but significantly above its 5-day low.
2. This setup could suggest a potential short-term pullback due to the overbought RSI, but the positive distance from the 5-day low indicates a bullish trend in the longer term.
3. Traders should watch for a confirmation of a pullback, like a bearish candlestick pattern or a drop in volume. The risk here is that the stock continues its bullish trend despite the high RSI, which could lead to losses on short positions."
TSLA,315.65,317.99,0.74,2025-07-05T10:15:47.142641,48.41,0.59,-4.25,7.55,"1. Technically, Tesla (TSLA) is showing a slight gap up with a moderate RSI, indicating it is neither overbought nor oversold. The stock is trading closer to its 5-day low than its 5-day high, with lower than average volume.
2. The setup could suggest a potential consolidation or reversal pattern, given the proximity to the 5-day low and moderate RSI. However, the low relative volume might indicate a lack of strong momentum.
3. Traders should watch for a spike in volume as a confirmation of trend direction. The risk lies in the stock continuing to move closer to its 5-day low, indicating a potential downtrend."
AAPL,212.44,212.15,-0.14,2025-07-05T10:15:47.285250,74.8,0.5,-0.51,7.17,"1. Technically, AAPL is showing mixed signals. Despite a slight gap down of -0.14%, it is overbought with an RSI of 74.8 and is close to its 5-day high, indicating bullish momentum, although with a relative volume of 0.5, trading activity is lower than average.
2. Given the overbought condition and proximity to the 5-day high, a short-term bearish reversal setup could be forming, potentially indicating a good opportunity for put options.
3. Traders should watch for a confirmation of a bearish reversal, which could be indicated by a significant increase in volume or a break below recent support levels. The risk here is that the bullish momentum could continue, pushing the price further up."
AMD,138.52,139.11,0.43,2025-07-05T10:15:47.374825,73.48,0.63,-6.66,2.06,"1. Technically, AMD is showing a slight bullish gap up with a 0.43% increase, but the Relative Strength Index (RSI) is indicating it's near overbought territory at 73.48. The stock is trading at a moderate volume, relatively lower than its average, as indicated by a Relative Volume of 0.63.
2. The setup might indicate a potential pullback or consolidation due to the high RSI and the distance from the 5-day high. This could be a good opportunity for a short-term put option if the RSI continues to rise and the stock begins to pull back.
3. The risk to watch for would be a continued upward movement despite the high RSI, which would negate the potential put option setup. Confirmation for the put option would be a clear reversal pattern or a significant increase in selling volume."
MSFT,491.09,493.81,0.55,2025-07-05T10:15:47.576358,69.45,0.62,-0.38,2.07,"1. Technically, Microsoft (MSFT) has a slight gap up of 0.55% and is nearing overbought territory with an RSI of 69.45. It is trading at a volume slightly below its average (0.62 relative volume) and closer to its 5-day high.
2. This setup could suggest a potential short-term bullish momentum as it's not far from its 5-day high, however, the nearing overbought condition may also signal a possible pullback or consolidation soon.
3. Traders should watch for a potential breach into overbought territory (RSI above 70) as a risk and confirmation of trend reversal. Also, watch for increased volume as a confirmation of continued bullish momentum."
